<?xml version="1.0" encoding="utf-8"?>
<extension type="component" version="2.5.0" method="upgrade">
    <name>com_mailbridge</name>
    <author>Jurgen Gaeremyn</author>
    <creationDate>2013-05-31</creationDate>
    <copyright>(C) 2005 - 2013 Jurgen Gaeremyn. All rights reserved.</copyright>
    <license>GNU General Public License version 2 or later; see gpl-2.0.txt</license>
    <authorEmail>jurgen.gaeremyn@pandora.be</authorEmail>
    <authorUrl>http://www.mailbridge.be</authorUrl>
    <version>1.0.1</version>
    <description>Component to connect Joomla with a mailman account</description>
    
    <install> <!-- Runs on install -->
        <sql>
            <file driver="mysql" charset="utf8">sql/install.mysql.utf8.sql</file>
        </sql>
    </install>
    <uninstall> <!-- Runs on uninstall -->
        <sql>
            <file driver="mysql" charset="utf8">sql/uninstall.mysql.utf8.sql</file>
        </sql>
    </uninstall>

    <files folder="site">
        <filename>index.html</filename>
        <filename>mailbridge.php</filename>
        <filename>controller.php</filename>
        <filename>router.php</filename>
        <folder>views</folder>
 	<folder>classes</folder> 
        <folder>assets</folder>
       <folder>models</folder>
        <folder>controllers</folder>
        <folder>helpers</folder>
    </files>
    <languages folder="site">
        
			<language tag="en-GB">language/en-GB.com_mailbridge.ini</language>
    </languages>
    <administration>
        <menu img="components/com_mailbridge/assets/images/s_com_mailbridge.png" >COM_MAILBRIDGE</menu>
        <submenu>
            
			<menu link="option=com_mailbridge&amp;task=parameter.edit&amp;id=1" view="parameter" img="components/com_mailbridge/assets/images/s_parameters.png" alt="mailbridge/Parameter">COM_MAILBRIDGE_TITLE_PARAMETERS</menu>

			<menu link="option=com_mailbridge&amp;view=config" view="listings" img="components/com_mailbridge/assets/images/s_listings.png" alt="mailbridge/Listings">COM_MAILBRIDGE_TITLE_CONFIG</menu>

        </submenu>
        <files folder="administrator">
            <filename>access.xml</filename>
            <filename>config.xml</filename>
            <filename>controller.php</filename>
            <filename>index.html</filename>
            <filename>mailbridge.php</filename>
            <folder>controllers</folder>
            <folder>assets</folder>
            <folder>helpers</folder>
            <folder>models</folder>
            <folder>sql</folder>
            <folder>tables</folder>
            <folder>views</folder>
        </files>
        <languages folder="administrator">
            
			<language tag="en-GB">language/en-GB.com_mailbridge.ini</language>
			<language tag="en-GB">language/en-GB.com_mailbridge.sys.ini</language>
        </languages>
    </administration>
</extension>

